content_layout,count,open_rate,click_rate,conversion_rate,engagement_score
balanced,150076,0.25718302726618514,0.07095738159332605,0.0076294677363469175,0.4372451291345718
text-heavy,150041,0.25587672702794567,0.06949433821422145,0.007931165481435075,0.434521230863564
visual-heavy,199883,0.2590065188135059,0.07191707148681979,0.008329872975690778,0.4444900266655994
