,account_age,feature_usage,open,click,convert,engagement_score
account_age,1.0,-0.0011679733087550626,-0.02242759328489917,-0.013444485530033478,-0.005090010637409632,-0.018360659308071195
feature_usage,-0.0011679733087550626,1.0,0.0010838086667402348,0.04248799611343859,0.017727884038218726,0.029202539930911212
open,-0.02242759328489917,0.0010838086667402348,1.0,0.4626877659134954,0.15048224748490302,0.7177711275456301
click,-0.013444485530033478,0.04248799611343859,0.4626877659134954,1.0,0.32508031885949024,0.8325620291207951
convert,-0.005090010637409632,0.017727884038218726,0.15048224748490302,0.32508031885949024,1.0,0.6561243783249135
engagement_score,-0.018360659308071195,0.029202539930911212,0.7177711275456301,0.8325620291207951,0.6561243783249135,1.0
