day_of_week,user_id,open,click,convert,engagement_score,order
Monday,71400,0.256890756302521,0.07060224089635854,0.0075490196078431375,0.4358403361344538,0
Tuesday,71400,0.25770308123249297,0.07163865546218487,0.008067226890756302,0.44131652661064424,1
Wednesday,71400,0.257156862745098,0.07036414565826331,0.007647058823529412,0.4361204481792717,2
Thursday,71400,0.25683473389355743,0.07057422969187675,0.007955182072829131,0.4377591036414566,3
Friday,71400,0.2579271708683473,0.07218487394957983,0.008459383753501401,0.444593837535014,4
Saturday,71600,0.25812849162011176,0.07108938547486034,0.008142458100558659,0.4410195530726257,5
Sunday,71400,0.2579971988795518,0.06985994397759103,0.008179271708683473,0.4386134453781513,6
