device,count,open_rate,click_rate,conversion_rate,engagement_score
desktop,175088,0.2560997898199762,0.07057022754272138,0.007704697066617929,0.4357637302385086
mobile,275119,0.2582046314503906,0.07115102919100462,0.008236435869569169,0.44168886918024564
tablet,49793,0.25873114694836624,0.07069266764404636,0.00773201052356757,0.4387765348542968
