send_time,count,open_rate,click_rate,conversion_rate,engagement_score
afternoon,99533,0.2731054022284067,0.07537198718013122,0.008991992605467533,0.46880933961600674
evening,199893,0.2300880971319656,0.063418929127083,0.006933709534601012,0.3915945030591366
morning,200574,0.2771246522480481,0.07614147396970694,0.008570402943552005,0.472259614905222
