user_segment,count,open_rate,click_rate,conversion_rate,engagement_score
active,382829,0.2717479605776992,0.07603394727149719,0.009009244336244119,0.46886207680191416
inactive,75369,0.18477092703896827,0.0456421074977776,0.0036354469344160065,0.2942323767066035
new,39302,0.25784947330924635,0.06869879395450613,0.006462775431275762,0.42756093837463743
unknown,2500,0.2668,0.0812,0.0092,0.4752
