variant,user_id,open,click,convert,engagement_score,click_rate,conversion_rate,overall_conversion
A,164668,0.2956676464158185,18162,2522,0.5928352806859863,0.37303592334709473,0.13886135888118048,0.015315665460198703
B,165313,0.21257251395836987,10410,1115,0.3722393278205586,0.29623516689906376,0.10710854947166186,0.006744781112193233
C,170019,0.2642763455849052,6879,363,0.3558719907775013,0.1530980147778866,0.05276929786306149,0.002135055493797752
