variant,open,click,convert
A,0.2425685589207114,0.19974532701919293,0.07583529159161667
B,0.21257251395836987,0.06297145415061127,0.006744781112193233
C,0.2642763455849052,0.04046018386180368,0.002135055493797752
