metric,primary_variant,test_variant,primary_rate,test_rate,absolute_lift,relative_lift,z_statistic,p_value,significant,ci_lower,ci_upper,mde
open_rate,A,B,0.2956676464158185,0.21257251395836987,0.08309513245744862,39.09025250259867,54.825303144880124,0.0,True,0.08013747475392642,0.08605279016097082,0.005078728515575152
open_rate,A,C,0.2956676464158185,0.2642763455849052,0.031391300830913293,11.878210575917048,20.2269447187084,5.670973033093032e-91,True,0.02834971760589542,0.034432884055931166,0.005043536982154449
